sample_id,result
A0001,NO_EXFIL
A0002,NO_EXFIL
A0003,NO_EXFIL
A0004,NO_EXFIL
A0005,EXFIL
A0006,EXFIL
A0007,EXFIL
A0008,NO_EXFIL
A0009,EXFIL
A0010,EXFIL
A0011,NO_EXFIL
A0012,NO_EXFIL
A0013,NO_EXFIL
A0014,NO_EXFIL
A0015,NO_EXFIL
A0016,EXFIL
A0017,EXFIL
A0018,EXFIL
A0019,EXFIL
A0020,EXFIL
A0021,EXFIL
A0022,NO_EXFIL
A0023,EXFIL
A0024,EXFIL
A0025,NO_EXFIL
A0026,EXFIL
A0027,NO_EXFIL
A0028,EXFIL
A0029,NO_EXFIL
A0030,EXFIL
A0031,NO_EXFIL
A0032,NO_EXFIL
A0033,NO_EXFIL
A0034,EXFIL
A0035,NO_EXFIL
A0036,EXFIL
A0037,EXFIL
A0038,NO_EXFIL
A0039,EXFIL
A0040,NO_EXFIL
A0041,NO_EXFIL
A0042,EXFIL
A0043,NO_EXFIL
A0044,NO_EXFIL
A0045,NO_EXFIL
A0046,NO_EXFIL
A0047,NO_EXFIL
A0048,EXFIL
A0049,EXFIL
A0050,EXFIL
A0051,EXFIL
A0052,NO_EXFIL
A0053,NO_EXFIL
A0054,EXFIL
A0055,NO_EXFIL
A0056,NO_EXFIL
A0057,NO_EXFIL
A0058,EXFIL
A0059,EXFIL
A0060,EXFIL
A0061,NO_EXFIL
A0062,EXFIL
A0063,EXFIL
A0064,NO_EXFIL
A0065,EXFIL
A0066,EXFIL
A0067,NO_EXFIL
A0068,EXFIL
A0069,EXFIL
A0070,NO_EXFIL
A0071,EXFIL
A0072,NO_EXFIL
A0073,NO_EXFIL
A0074,NO_EXFIL
A0075,EXFIL
A0076,EXFIL
A0077,EXFIL
A0078,EXFIL
A0079,EXFIL
A0080,EXFIL
A0081,EXFIL
A0082,EXFIL
A0083,EXFIL
A0084,EXFIL
A0085,EXFIL
A0086,EXFIL
A0087,EXFIL
A0088,NO_EXFIL
A0089,NO_EXFIL
A0090,NO_EXFIL
A0091,EXFIL
A0092,NO_EXFIL
A0093,EXFIL
A0094,NO_EXFIL
A0095,EXFIL
A0096,NO_EXFIL
A0097,NO_EXFIL
A0098,NO_EXFIL
A0099,EXFIL
A0100,NO_EXFIL
A0101,EXFIL
A0102,EXFIL
A0103,EXFIL
A0104,NO_EXFIL
A0105,EXFIL
A0106,EXFIL
A0107,EXFIL
A0108,NO_EXFIL
A0109,EXFIL
A0110,NO_EXFIL
A0111,NO_EXFIL
A0112,NO_EXFIL
A0113,EXFIL
A0114,EXFIL
A0115,EXFIL
A0116,EXFIL
A0117,NO_EXFIL
A0118,NO_EXFIL
A0119,NO_EXFIL
A0120,NO_EXFIL
A0121,NO_EXFIL
A0122,NO_EXFIL
A0123,EXFIL
A0124,NO_EXFIL
A0125,NO_EXFIL
A0126,EXFIL
A0127,EXFIL
A0128,NO_EXFIL
A0129,NO_EXFIL
A0130,NO_EXFIL
A0131,EXFIL
A0132,EXFIL
A0133,NO_EXFIL
A0134,NO_EXFIL
A0135,NO_EXFIL
A0136,NO_EXFIL
A0137,EXFIL
A0138,EXFIL
A0139,EXFIL
A0140,NO_EXFIL
A0141,EXFIL
A0142,EXFIL
A0143,NO_EXFIL
A0144,EXFIL
A0145,NO_EXFIL
A0146,NO_EXFIL
A0147,EXFIL
A0148,EXFIL
A0149,EXFIL
A0150,NO_EXFIL
A0151,EXFIL
A0152,NO_EXFIL
A0153,EXFIL
A0154,EXFIL
A0155,NO_EXFIL
A0156,EXFIL
A0157,NO_EXFIL
A0158,NO_EXFIL
A0159,NO_EXFIL
A0160,NO_EXFIL
A0161,EXFIL
A0162,EXFIL
A0163,NO_EXFIL
A0164,EXFIL
A0165,EXFIL
A0166,EXFIL
A0167,EXFIL
A0168,NO_EXFIL
A0169,NO_EXFIL
A0170,EXFIL
A0171,EXFIL
A0172,EXFIL
A0173,NO_EXFIL
A0174,NO_EXFIL
A0175,EXFIL
A0176,EXFIL
A0177,EXFIL
A0178,NO_EXFIL
A0179,NO_EXFIL
A0180,EXFIL
A0181,EXFIL
A0182,NO_EXFIL
A0183,EXFIL
A0184,EXFIL
A0185,EXFIL
A0186,NO_EXFIL
A0187,EXFIL
A0188,EXFIL
A0189,EXFIL
A0190,EXFIL
A0191,EXFIL
A0192,NO_EXFIL
A0193,NO_EXFIL
A0194,EXFIL
A0195,NO_EXFIL
A0196,EXFIL
A0197,EXFIL
A0198,NO_EXFIL
A0199,NO_EXFIL
A0200,NO_EXFIL
A0201,EXFIL
A0202,EXFIL
A0203,NO_EXFIL
A0204,EXFIL
A0205,NO_EXFIL
A0206,EXFIL
A0207,EXFIL
A0208,NO_EXFIL
A0209,NO_EXFIL
A0210,NO_EXFIL
A0211,EXFIL
A0212,EXFIL
A0213,EXFIL
A0214,NO_EXFIL
A0215,NO_EXFIL
A0216,NO_EXFIL
A0217,EXFIL
A0218,EXFIL
A0219,NO_EXFIL
A0220,NO_EXFIL
A0221,EXFIL
A0222,NO_EXFIL
A0223,EXFIL
A0224,EXFIL
A0225,NO_EXFIL
A0226,NO_EXFIL
A0227,NO_EXFIL
A0228,NO_EXFIL
A0229,NO_EXFIL
A0230,EXFIL
A0231,EXFIL
A0232,NO_EXFIL
A0233,NO_EXFIL
A0234,EXFIL
A0235,NO_EXFIL
A0236,NO_EXFIL
A0237,NO_EXFIL
A0238,NO_EXFIL
A0239,NO_EXFIL
A0240,NO_EXFIL
A0241,NO_EXFIL
A0242,NO_EXFIL
A0243,NO_EXFIL
A0244,EXFIL
A0245,NO_EXFIL
A0246,EXFIL
A0247,NO_EXFIL
A0248,EXFIL
A0249,NO_EXFIL
A0250,NO_EXFIL
A0251,NO_EXFIL
A0252,EXFIL
A0253,EXFIL
A0254,EXFIL
A0255,NO_EXFIL
A0256,EXFIL
A0257,NO_EXFIL
A0258,EXFIL
A0259,NO_EXFIL
A0260,EXFIL
A0261,EXFIL
A0262,EXFIL
A0263,NO_EXFIL
A0264,EXFIL
A0265,NO_EXFIL
A0266,NO_EXFIL
A0267,NO_EXFIL
A0268,NO_EXFIL
A0269,NO_EXFIL
A0270,EXFIL
A0271,NO_EXFIL
A0272,NO_EXFIL
A0273,EXFIL
A0274,EXFIL
A0275,EXFIL
A0276,NO_EXFIL
A0277,EXFIL
A0278,EXFIL
A0279,EXFIL
A0280,EXFIL
A0281,EXFIL
A0282,NO_EXFIL
A0283,NO_EXFIL
A0284,NO_EXFIL
A0285,NO_EXFIL
A0286,EXFIL
A0287,EXFIL
A0288,NO_EXFIL
A0289,EXFIL
A0290,NO_EXFIL
A0291,NO_EXFIL
A0292,EXFIL
A0293,EXFIL
A0294,NO_EXFIL
A0295,NO_EXFIL
A0296,EXFIL
A0297,NO_EXFIL
A0298,NO_EXFIL
A0299,NO_EXFIL
A0300,EXFIL
